{
    "Africa/Abidjan": [5.30966, -4.01266],
    "Africa/Accra": [5.55602, -0.1969],
    "Africa/Addis_Ababa": [9.02497, 38.74689],
    "Africa/Algiers": [36.7525, 3.04197],
    "Africa/Asmara": [15.33805, 38.93184],
    "Africa/Bamako": [12.65, -8.0],
    "Africa/Bangui": [4.36122, 18.55496],
    "Africa/Banjul": [13.45274, -16.57803],
    "Africa/Bissau": [11.86357, -15.59767],
    "Africa/Blantyre": [-15.78499, 35.00854],
    "Africa/Brazzaville": [-4.26613, 15.28318],
    "Africa/Bujumbura": [-3.3822, 29.3644],
    "Africa/Cairo": [30.06263, 31.24967],
    "Africa/Casablanca": [33.58831, -7.61138],
    "Africa/Ceuta": [35.88933, -5.31979],
    "Africa/Conakry": [9.53795, -13.67729],
    "Africa/Dakar": [14.6937, -17.44406],
    "Africa/Dar_es_Salaam": [-6.82349, 39.26951],
    "Africa/Djibouti": [11.58901, 43.14503],
    "Africa/Douala": [4.04827, 9.70428],
    "Africa/El_Aaiun": [27.15451, -13.19539],
    "Africa/Freetown": [8.484, -13.22994],
    "Africa/Gaborone": [-24.65451, 25.90859],
    "Africa/Harare": [-17.82772, 31.05337],
    "Africa/Johannesburg": [-26.20227, 28.04363],
    "Africa/Juba": [4.85165, 31.58247],
    "Africa/Kampala": [0.31628, 32.58219],
    "Africa/Khartoum": [15.55177, 32.53241],
    "Africa/Kigali": [-1.94995, 30.05885],
    "Africa/Kinshasa": [-4.32758, 15.31357],
    "Africa/Lagos": [6.45407, 3.39467],
    "Africa/Libreville": [0.39241, 9.45356],
    "Africa/Lome": [6.13748, 1.21227],
    "Africa/Luanda": [-8.83682, 13.23432],
    "Africa/Lubumbashi": [-11.66089, 27.47938],
    "Africa/Lusaka": [-15.40669, 28.28713],
    "Africa/Malabo": [3.75, 8.78333],
    "Africa/Maputo": [-25.96553, 32.58322],
    "Africa/Maseru": [-29.31667, 27.48333],
    "Africa/Mbabane": [-26.31667, 31.13333],
    "Africa/Mogadishu": [2.03711, 45.34375],
    "Africa/Monrovia": [6.30054, -10.7969],
    "Africa/Nairobi": [-1.28333, 36.81667],
    "Africa/Ndjamena": [12.11915, 15.05028],
    "Africa/Niamey": [13.51366, 2.1098],
    "Africa/Nouakchott": [18.08581, -15.9785],
    "Africa/Ouagadougou": [12.36566, -1.53388],
    "Africa/Porto-Novo": [6.49646, 2.60359],
    "Africa/Sao_Tome": [0.33654, 6.72732],
    "Africa/Tripoli": [32.87519, 13.18746],
    "Africa/Tunis": [36.81897, 10.16579],
    "Africa/Windhoek": [-22.55941, 17.08323],
    "America/Adak": [51.87361, -176.63903],
    "America/Anchorage": [61.21806, -149.90028],
    "America/Anguilla": [18.21704, -63.05783],
    "America/Antigua": [17.11717, -61.84573],
    "America/Araguaina": [-7.19111, -48.20722],
    "America/Argentina/Buenos_Aires": [-34.61315, -58.37723],
    "America/Argentina/Catamarca": [-27.19108, -67.10537],
    "America/Argentina/Cordoba": [-31.4135, -64.18105],
    "America/Argentina/Jujuy": [-23.31615, -65.75953],
    "America/Argentina/La_Rioja": [-29.41105, -66.85067],
    "America/Argentina/Mendoza": [-32.89084, -68.82717],
    "America/Argentina/Rio_Gallegos": [-51.62261, -69.21813],
    "America/Argentina/Salta": [-24.7859, -65.41166],
    "America/Argentina/San_Juan": [-31.5375, -68.53639],
    "America/Argentina/San_Luis": [-33.29501, -66.33563],
    "America/Argentina/Tucuman": [-26.56436, -64.8824],
    "America/Argentina/Ushuaia": [-54.8, -68.3],
    "America/Aruba": [12.51757, -69.98186],
    "America/Asuncion": [-25.30066, -57.63591],
    "America/Atikokan": [48.76253, -91.6246],
    "America/Bahia": [-12.28525, -41.92948],
    "America/Bahia_Banderas": [19.66626, -99.06745],
    "America/Barbados": [13.1, -59.61667],
    "America/Belem": [-1.45583, -48.50444],
    "America/Belize": [17.12049, -88.6859],
    "America/Blanc-Sablon": [51.41216, -57.20185],
    "America/Boa_Vista": [2.81972, -60.67333],
    "America/Bogota": [4.60971, -74.08175],
    "America/Boise": [43.6135, -116.20345],
    "America/Cambridge_Bay": [69.11784, -105.06039],
    "America/Campo_Grande": [-20.44278, -54.64639],
    "America/Cancun": [21.17429, -86.84656],
    "America/Caracas": [10.48801, -66.87919],
    "America/Cayenne": [4.93333, -52.33333],
    "America/Cayman": [19.2866, -81.37436],
    "America/Chicago": [41.85003, -87.65005],
    "America/Chihuahua": [28.63528, -106.08889],
    "America/Ciudad_Juarez": [31.73726, -106.48565],
    "America/Costa_Rica": [10.27356, -84.07391],
    "America/Creston": [49.09715, -116.51298],
    "America/Cuiaba": [-15.59611, -56.09667],
    "America/Curacao": [12.1084, -68.93354],
    "America/Danmarkshavn": [76.76952, -18.67368],
    "America/Dawson": [64.06066, -139.43169],
    "America/Dawson_Creek": [56.24988, -120.85292],
    "America/Denver": [39.73915, -104.9847],
    "America/Detroit": [42.33143, -83.04575],
    "America/Dominica": [15.30174, -61.38808],
    "America/Edmonton": [53.55014, -113.46871],
    "America/Eirunepe": [-6.66028, -69.87361],
    "America/El_Salvador": [13.80004, -88.91407],
    "America/Fort_Nelson": [58.80621, -122.69427],
    "America/Fortaleza": [-3.71722, -38.54306],
    "America/Glace_Bay": [46.19695, -59.95698],
    "America/Godthab": [64.18347, -51.72157],
    "America/Goose_Bay": [53.33333, -60.41667],
    "America/Grand_Turk": [21.46122, -71.14188],
    "America/Grenada": [12.05644, -61.74849],
    "America/Guadeloupe": [16.25288, -61.56869],
    "America/Guatemala": [15.58555, -90.34576],
    "America/Guayaquil": [-2.20584, -79.90795],
    "America/Guyana": [4.84171, -58.64169],
    "America/Halifax": [44.64533, -63.57239],
    "America/Havana": [23.13302, -82.38304],
    "America/Hermosillo": [29.1026, -110.97732],
    "America/Indiana/Indianapolis": [39.76838, -86.15804],
    "America/Indiana/Knox": [38.68701, -87.38115],
    "America/Indiana/Marengo": [38.36923, -86.34359],
    "America/Indiana/Petersburg": [38.49199, -87.27862],
    "America/Indiana/Tell_City": [37.95085, -86.7697],
    "America/Indiana/Vevay": [38.74784, -85.06717],
    "America/Indiana/Vincennes": [38.67727, -87.52863],
    "America/Indiana/Winamac": [41.05143, -86.60306],
    "America/Inuvik": [68.36026, -133.72039],
    "America/Iqaluit": [63.74927, -68.52138],
    "America/Jamaica": [18.18505, -77.39477],
    "America/Juneau": [58.30194, -134.41972],
    "America/Kentucky/Louisville": [38.25424, -85.75941],
    "America/Kentucky/Monticello": [36.82979, -84.84911],
    "America/Kralendijk": [12.15, -68.26667],
    "America/La_Paz": [-16.5, -68.15],
    "America/Lima": [-12.04318, -77.02824],
    "America/Los_Angeles": [34.05223, -118.24368],
    "America/Lower_Princes": [18.026, -63.04582],
    "America/Maceio": [-9.66583, -35.73528],
    "America/Managua": [12.13282, -86.2504],
    "America/Manaus": [-3.10194, -60.025],
    "America/Marigot": [18.06667, -63.08333],
    "America/Martinique": [14.61137, -60.96208],
    "America/Matamoros": [25.88102, -97.50649],
    "America/Mazatlan": [23.2329, -106.4062],
    "America/Menominee": [46.09273, -88.64235],
    "America/Merida": [20.97537, -89.61696],
    "America/Metlakatla": [55.11936, -131.57474],
    "America/Mexico_City": [19.42847, -99.12766],
    "America/Miquelon": [46.77914, -56.1773],
    "America/Moncton": [46.11594, -64.80186],
    "America/Monterrey": [25.67507, -100.31847],
    "America/Montevideo": [-34.90328, -56.18816],
    "America/Montserrat": [16.7417, -62.19168],
    "America/Nassau": [25.05823, -77.34306],
    "America/New_York": [40.71273, -74.00602],
    "America/Nome": [64.49751, -165.40617],
    "America/Noronha": [-22.06778, -45.26389],
    "America/North_Dakota/Beulah": [47.26334, -101.77795],
    "America/North_Dakota/Center": [47.11639, -101.29959],
    "America/North_Dakota/New_Salem": [46.82666, -100.88958],
    "America/Nuuk": [64.17668, -51.73594],
    "America/Ojinaga": [29.56689, -104.54487],
    "America/Panama": [8.9936, -79.51973],
    "America/Paramaribo": [5.86638, -55.16682],
    "America/Phoenix": [33.44838, -112.07404],
    "America/Port-au-Prince": [18.53917, -72.335],
    "America/Port_of_Spain": [10.65727, -61.51802],
    "America/Porto_Velho": [-8.76194, -63.90389],
    "America/Puerto_Rico": [18.22477, -66.48583],